County,target_year,Predicted_Crime_Rate_per_100k,Population_Projected,Total_Crimes_Projected
Albany,2025,2945.2386349139233,323413.75,10375.900000000489
Allegany,2025,707.7444211637485,46303.99999999999,394.1000000000008
Bronx,2025,3719.4826448300123,1374141.0,57458.800000000745
Broome,2025,2488.357049528201,197485.75000000116,4974.69999999997
Cattaraugus,2025,1541.3741519727225,75156.25,1374.3000000000757
Cayuga,2025,882.917323077242,73969.24999999977,630.8999999998778
Chautauqua,2025,1717.7176366124734,123235.2499999993,2141.399999999965
Chemung,2025,2245.1960795210243,80364.99999999977,1746.3999999999942
Chenango,2025,775.4957138098005,47526.99999999999,397.8999999999942
Clinton,2025,1644.4837180773397,77258.74999999977,1448.0999999999476
Columbia,2025,815.4695875919952,60015.999999999985,541.6000000000058
Cortland,2025,2124.4200353641763,47617.99999999999,1197.9000000000524
Delaware,2025,694.7908276922201,44675.999999999985,342.1000000000131
Dutchess,2025,1205.408318939264,301572.75000000093,3638.7999999999897
Erie,2025,2793.4117031612586,958534.2500000037,27141.400000000373
Essex,2025,608.8113234139962,37280.999999999985,283.7999999999993
Franklin,2025,1133.105346523798,50388.99999999998,627.3000000000175
Fulton,2025,1145.2527370493715,53451.99999999998,540.899999999936
Genesee,2025,1365.4508216127058,57553.999999999985,897.8000000000357
Greene,2025,713.0959940155303,47334.99999999999,357.29999999998836
Hamilton,2025,399.7181700450444,4453.999999999998,17.099999999994907
Herkimer,2025,2068.982363248835,61737.999999999985,1354.0000000000582
Jefferson,2025,1661.5760167012859,113561.50000000023,1857.899999999987
Kings,2025,2849.45668280747,2627846.0000000037,68630.70000000298
Lewis,2025,560.7149280228829,26455.999999999996,191.40000000000873
Livingston,2025,820.6811491009645,63217.999999999985,602.4000000000051
Madison,2025,1194.0684551234167,66092.4999999993,813.2999999999884
Monroe,2025,2605.1463930628806,754481.5000000005,20026.000000000466
Montgomery,2025,1079.9372778804188,49293.99999999999,596.1999999999825
Nassau,2025,1209.503442410829,1401626.7500000037,19610.20000000205
New York,2025,4220.254235462405,1668541.7500000037,79962.9000000041
Niagara,2025,1305.1867421300897,209426.24999999988,2861.899999999907
Oneida,2025,2013.2607211794734,228165.24999999965,4770.700000000106
Onondaga,2025,2690.2494238644836,471867.25000000047,12256.199999999953
Ontario,2025,1248.8460825103268,113821.50000000023,1424.0000000000146
Orange,2025,1095.4054355896938,419189.50000000186,4828.300000000039
Orleans,2025,859.7915996239598,40623.999999999985,404.2000000000007
Oswego,2025,1292.5141424439087,118473.75000000003,1509.3999999999942
Otsego,2025,913.4585806023684,59592.999999999985,557.5999999999913
Putnam,2025,450.5870181877609,98332.75,538.4000000000306
Queens,2025,3051.522829330373,2328307.2500000075,63721.10000000149
Rensselaer,2025,1731.2907350230248,161183.00000000023,3069.0000000000437
Richmond,2025,1708.811734304961,503866.0000000037,9696.100000000559
Rockland,2025,1245.38897205213,353876.75000000186,4783.800000000279
Saratoga,2025,1124.585360290325,243121.75000000093,2905.700000000099
Schenectady,2025,2629.83798932867,164054.75000000093,4701.100000000151
Schoharie,2025,603.0268048747557,31188.99999999999,165.89999999997963
Schuyler,2025,362.670757603216,17844.999999999996,87.0000000000091
Seneca,2025,1282.1765773720351,34294.999999999985,540.6000000000167
Steuben,2025,1224.3638719923565,91057.99999999907,1255.3000000000175
Suffolk,2025,1228.5038956610258,1549545.2500000075,21075.700000000186
Sullivan,2025,1034.4409568148021,81730.25000000047,883.500000000004
Tioga,2025,504.5765120684557,48430.99999999999,214.60000000000582
Tompkins,2025,1979.0336983671718,106443.25,2185.200000000048
Ulster,2025,932.6693446143713,184128.50000000047,1617.499999999971
Warren,2025,1335.4046253027934,65563.25000000006,1052.900000000067
Washington,2025,586.1120629531197,61303.99999999998,460.400000000016
Wayne,2025,1304.5220699921279,90920.50000000009,1218.500000000029
Westchester,2025,1199.8584519605663,1015874.2500000037,12175.000000000116
Wyoming,2025,556.375354798478,40026.99999999999,223.39999999999418
Yates,2025,551.496326209306,24980.999999999996,153.0999999999949
Albany,2026,2947.9518164289275,326863.50000000186,10646.020000000834
Allegany,2026,656.515763410775,46303.99999999999,393.7800000000043
Bronx,2026,4072.3743392172582,1363557.9999999888,61416.64000000246
Broome,2026,2462.5136477732367,198574.5000000014,5110.560000000027
Cattaraugus,2026,1485.115543162937,74837.49999999988,1387.4400000000896
Cayuga,2026,779.7674697881066,73371.49999999953,542.619999999908
Chautauqua,2026,1638.1434100650813,122365.49999999907,2031.3199999998324
Chemung,2026,2377.4411120427717,79614.99999999953,1913.5200000000186
Chenango,2026,614.8857792117315,47526.999999999985,252.4199999999837
Clinton,2026,1697.7153686559357,76646.4999999993,1641.4799999999814
Columbia,2026,764.817099852715,60016.0,492.4800000000105
Cortland,2026,2037.12402691774,47618.0,1209.8200000000797
Delaware,2026,565.1990576712777,44675.999999999985,290.88000000000466
Dutchess,2026,1198.765051276322,303182.50000000186,3713.0400000000445
Erie,2026,2861.4931898025256,966466.5000000056,29094.120000001043
Essex,2026,584.0640448437716,37280.99999999999,281.9400000000087
Franklin,2026,1127.9487017627866,50388.99999999998,580.0400000000227
Fulton,2026,1076.1935293945423,53451.99999999999,477.81999999989057
Genesee,2026,1262.8869752560634,57553.99999999999,822.1400000000576
Greene,2026,604.838155420135,47335.00000000001,264.03999999994994
Hamilton,2026,402.6991496653823,4453.999999999998,16.179999999994834
Herkimer,2026,2067.3225546702283,61738.0,1476.1000000001513
Jefferson,2026,1575.254417132674,113983.00000000047,1861.619999999999
Kings,2026,3455.9583069215787,2638061.0000000037,72276.1600000048
Lewis,2026,563.0348142557216,26456.0,203.1200000000208
Livingston,2026,797.9414994641037,63217.99999999999,612.9200000000237
Madison,2026,1188.2779559342398,65112.99999999907,772.5400000000081
Monroe,2026,2520.5867701419284,756761.0000000019,21144.000000001164
Montgomery,2026,968.9841836827844,49294.00000000001,591.7599999999875
Nassau,2026,1202.860174747887,1410815.5000000075,20564.860000002664
New York,2026,4221.165706062409,1676419.5000000093,84324.72000000626
Niagara,2026,1126.652607131532,209282.49999999977,2680.419999999809
Oneida,2026,2013.2607211794734,227983.49999999977,4588.260000000097
Onondaga,2026,2701.299554773151,473922.50000000186,13284.860000000335
Ontario,2026,1217.7206043294145,114631.0000000007,1399.7000000000262
Orange,2026,1084.2684249328788,426612.0000000056,4707.240000000049
Orleans,2026,762.2970127146361,40623.99999999999,410.0600000000104
Oswego,2026,1218.526336712608,118642.50000000006,1438.6200000000244
Otsego,2026,837.3487206977063,59592.99999999999,554.6799999999857
Putnam,2026,518.3412168971564,98256.5,520.2200000000239
Queens,2026,3844.75786584735,2339773.500000015,69357.18000000343
Rensselaer,2026,1691.010822860344,161617.00000000035,3011.4000000001106
Richmond,2026,1625.9277550797938,509520.0000000037,10854.980000000913
Rockland,2026,1243.7988119833944,359609.50000000186,5347.240000000107
Saratoga,2026,1200.2598727187137,245883.5000000028,2889.760000000155
Schenectady,2026,2518.089774718006,165848.50000000186,4826.580000000133
Schoharie,2026,558.1395938722485,31188.999999999993,142.01999999997497
Schuyler,2026,356.0100849322646,17845.0,90.1000000000131
Seneca,2026,1224.1162063004947,34294.99999999998,533.5800000000072
Steuben,2026,1217.7206043294145,90100.9999999986,1358.740000000107
Suffolk,2026,1224.419770354417,1563181.500000015,21733.060000000754
Sullivan,2026,1010.0130041708344,83010.50000000093,864.3999999999924
Tioga,2026,482.2908367370653,48430.99999999999,153.47999999999593
Tompkins,2026,1978.5100603407698,107284.50000000047,2099.6600000000617
Ulster,2026,932.6693446143713,185280.00000000047,1601.0999999999622
Warren,2026,1291.6535105887783,65838.50000000023,1037.1200000000754
Washington,2026,592.9463535023511,61303.99999999999,481.4200000000201
Wayne,2026,1196.5457066594743,91084.00000000015,1151.7000000000698
Westchester,2026,1194.4088487344186,1025301.5000000075,12917.400000000605
Wyoming,2026,554.0554685656393,40027.0,213.2199999999939
Yates,2026,516.112517804294,24981.0,148.87999999999738
Albany,2027,2985.0127636208786,330313.2500000037,10588.366000001028
Allegany,2027,573.3528074334472,46304.0,384.3739999999998
Bronx,2027,4041.5981785434956,1352974.999999985,63634.01200000569
Broome,2027,2448.600639656478,199663.25000000256,5043.898000000012
Cattaraugus,2027,1485.115543162937,74518.74999999977,1400.1020000001445
Cayuga,2027,694.702187751673,72773.7499999993,401.04599999968195
Chautauqua,2027,1557.3470873535935,121495.74999999837,1814.355999999796
Chemung,2027,2465.256601530178,78864.9999999993,2023.716000000073
Chenango,2027,511.8255864087223,47526.99999999999,98.58599999989383
Clinton,2027,1591.5392961534365,76034.2499999986,1720.734000000055
Columbia,2027,603.1580792825391,60016.00000000001,380.98399999990943
Cortland,2027,1950.2396452034207,47618.0,1190.7060000001038
Delaware,2027,558.1395938722485,44675.999999999985,243.9539999999688
Dutchess,2027,1201.3241936326554,304792.2500000028,3620.5320000000283
Erie,2027,3118.4066951479986,974398.7500000093,30100.796000001486
Essex,2027,550.5848556093009,37280.999999999985,257.65200000000186
Franklin,2027,1142.4056875696697,50388.99999999998,486.58200000000943
Fulton,2027,907.1036781550557,53451.99999999999,477.5059999998484
Genesee,2027,1194.702872567279,57554.0,748.7120000000286
Greene,2027,556.375354798478,47335.00000000001,185.48199999990175
Hamilton,2027,372.7881541288705,4453.999999999998,10.593999999990046
Herkimer,2027,2078.299095740649,61738.00000000001,1556.4800000002433
Jefferson,2027,1510.9403385938433,114404.5000000007,1783.4459999999672
Kings,2027,4043.530113679572,2648276.000000011,73206.77800000738
Lewis,2027,560.7149280228829,26455.999999999996,200.29600000002574
Livingston,2027,763.8086713172381,63217.999999999985,595.7360000000226
Madison,2027,1191.7485688905783,64133.4999999986,722.7819999999483
Monroe,2027,2703.2509613812376,759040.5000000033,21226.80000000191
Montgomery,2027,872.2276714708614,49294.000000000015,563.3079999999682
Nassau,2027,1205.4193171042202,1420004.2500000186,20279.188000003574
New York,2027,4223.724848418743,1684297.250000015,86596.8260000106
Niagara,2027,1055.9718288424585,209138.74999999965,2283.1859999996377
Oneida,2027,2013.2607211794734,227801.74999999948,4493.558000000048
Onondaga,2027,2827.5427031660124,475977.75000000326,13844.088000001153
Ontario,2027,1216.8091337294093,115440.5000000014,1338.8600000000006
Orange,2027,1084.2684249328788,434034.50000001304,4518.041999999987
Orleans,2027,655.7107898780312,40623.999999999985,373.4479999999967
Oswego,2027,1210.7951023869211,118811.25000000012,1302.5959999999322
Otsego,2027,793.996970552537,59592.999999999985,545.9439999999777
Putnam,2027,446.0216871441222,98180.24999999994,528.6760000000377
Queens,2027,4197.810003871129,2351239.75000003,72938.39400000684
Rensselaer,2027,1629.9318717162782,162051.00000000081,2788.820000000036
Richmond,2027,1603.8217933738513,515174.0000000093,11406.834000001894
Rockland,2027,1245.38897205213,365342.2500000056,5660.892000000342
Saratoga,2027,1200.2598727187137,248645.2500000056,2843.958000000195
Schenectady,2027,2512.0240892753427,167642.25000000373,4809.114000000263
Schoharie,2027,560.6284071146777,31188.999999999996,125.56599999995524
Schuyler,2027,353.69019869942616,17845.0,85.68000000001643
Seneca,2027,1325.8554248259427,34294.99999999998,561.5640000000203
Steuben,2027,1220.2797466857478,89143.9999999979,1408.8420000001497
Suffolk,2027,1224.419770354417,1576817.7500000224,21314.198000000964
Sullivan,2027,1036.6325525016161,84290.75000000186,876.8699999999959
Tioga,2027,458.8551990079715,48430.999999999985,100.2839999999851
Tompkins,2027,1978.5100603407698,108125.75000000116,1993.628000000026
Ulster,2027,932.6693446143713,186431.50000000186,1547.4299999999203
Warren,2027,1227.719502376116,66113.75000000047,1039.6460000001025
Washington,2027,580.8199204916488,61304.0,473.4360000000306
Wayne,2027,1201.995309885622,91247.50000000023,989.0100000000675
Westchester,2027,1197.538565727728,1034728.7500000149,12977.520000000834
Wyoming,2027,535.4640302267788,40027.00000000001,189.67599999998492
Yates,2027,507.0027399936762,24981.000000000004,135.05399999998917
Albany,2028,2982.453621264545,333763.0000000065,11031.582800001372
Allegany,2028,573.3528074334472,46303.99999999998,379.1091999999953
Bronx,2028,4084.357742656051,1342391.999999974,67664.8896000078
Broome,2028,2452.0712526128164,200752.00000000303,5138.638400000069
Cattaraugus,2028,1482.7956569300986,74199.99999999953,1498.9616000001843
Cayuga,2028,566.8477567453567,72175.9999999986,252.12679999961983
Chautauqua,2028,1473.5787852799876,120625.99999999744,1674.224799999618
Chemung,2028,2676.1066902277016,78114.9999999986,2159.8128000001598
Chenango,2028,431.91050682361947,47526.99999999996,44.65879999988829
Clinton,2028,1604.5408336701903,75421.99999999814,1820.7472000000416
Columbia,2028,574.6133031148923,60015.99999999997,341.3471999998874
Cortland,2028,2109.367276968508,47617.999999999985,1260.4548000001669
Delaware,2028,554.0554685656393,44675.999999999956,218.8231999999698
Dutchess,2028,1201.3241936326554,306402.00000000466,3574.805599999978
Erie,2028,3179.0078225515226,982331.000000013,31037.476800002158
Essex,2028,569.5968583736444,37280.99999999997,234.15159999999014
Franklin,2028,1041.6872483664247,50388.99999999994,462.84559999997145
Fulton,2028,818.187630713894,53451.99999999996,405.1947999997792
Genesee,2028,1194.702872567279,57553.99999999998,716.2995999999985
Greene,2028,556.375354798478,47334.99999999999,141.96559999986493
Hamilton,2028,361.4902966972837,4453.999999999995,5.485199999984616
Herkimer,2028,2078.299095740649,61737.99999999997,1659.4340000002994
Jefferson,2028,1509.27767670737,114826.00000000105,1763.446799999947
Kings,2028,4121.3160063803725,2658491.0000000186,76699.8424000116
Lewis,2028,560.7149280228829,26455.99999999998,214.0768000000353
Livingston,2028,720.4507827455873,63217.999999999956,585.4288000000106
Madison,2028,1086.8315839575448,63153.99999999744,688.9555999999429
Monroe,2028,2829.1597611170223,761320.0000000047,21278.040000001783
Montgomery,2028,799.5049581121839,49293.99999999999,536.5663999999451
Nassau,2028,1205.4193171042202,1429193.0000000224,21567.420400004834
New York,2028,4223.724848418743,1692175.0000000205,92589.80080001615
Niagara,2028,971.319235040381,208994.99999999942,2016.2387999993516
Oneida,2028,2013.2607211794734,227619.99999999919,4514.116400000101
Onondaga,2028,2840.2497748198957,478033.00000000466,14404.240400001407
Ontario,2028,1220.2797466857478,116250.00000000186,1295.1379999999626
Orange,2028,1053.6813169262755,441457.0000000205,4395.013599999889
Orleans,2028,573.3528074334472,40623.99999999996,392.4284000000084
Oswego,2028,1208.4752161540828,118980.00000000003,1232.16679999989
Otsego,2028,794.4516650392326,59592.99999999995,550.9151999999794
Putnam,2028,518.3412168971564,98103.99999999983,557.6308000000754
Queens,2028,4185.370224847086,2362706.0000000484,78078.52520001121
Rensselaer,2028,1518.3968403421961,162485.00000000105,2735.755999999965
Richmond,2028,1629.057472073103,520828.0000000149,12232.377200002316
Rockland,2028,1245.38897205213,371075.0000000093,6086.993600000511
Saratoga,2028,1203.389589712023,251407.00000000838,2869.1864000002133
Schenectady,2028,2506.328469059242,169436.0000000042,5036.701200000418
Schoharie,2028,530.6198308365454,31188.999999999975,112.74279999994178
Schuyler,2028,353.69019869942616,17844.99999999999,96.79400000002533
Seneca,2028,1293.6625091203093,34294.999999999956,589.3612000000503
Steuben,2028,1220.2797466857478,88186.99999999651,1450.703600000168
Suffolk,2028,1224.419770354417,1590454.0000000373,21812.128400001093
Sullivan,2028,1031.8818144584689,85571.00000000233,869.4959999999937
Tioga,2028,441.1206855974072,48430.99999999996,48.787199999947916
Tompkins,2028,1978.5100603407698,108967.00000000186,1992.2724000000308
Ulster,2028,932.6693446143713,187583.0000000028,1505.093999999881
Warren,2028,1200.0308123308225,66389.00000000058,1060.1568000001353
Washington,2028,591.1763615114742,61303.999999999956,486.83880000003774
Wayne,2028,1143.3370680571038,91411.00000000035,928.4580000000133
Westchester,2028,1197.538565727728,1044156.0000000261,13340.716000001063
Wyoming,2028,511.0075608916047,40026.999999999985,173.83079999997426
Yates,2028,472.8699118468111,24980.99999999999,130.2031999999781
